DateKey,Date,Day,WeekNumber,Month,MonthShort,MonthNumber,Quater,Year
20200701,01-07-2020,Wednesday,27,July,Jul,7,3,2020
20200702,02-07-2020,Thursday,27,July,Jul,7,3,2020
20200703,03-07-2020,Friday,27,July,Jul,7,3,2020
20200704,04-07-2020,Saturday,27,July,Jul,7,3,2020
20200705,05-07-2020,Sunday,28,July,Jul,7,3,2020
20200706,06-07-2020,Monday,28,July,Jul,7,3,2020
20200707,07-07-2020,Tuesday,28,July,Jul,7,3,2020
20200708,08-07-2020,Wednesday,28,July,Jul,7,3,2020
20200709,09-07-2020,Thursday,28,July,Jul,7,3,2020
20200710,10-07-2020,Friday,28,July,Jul,7,3,2020
20200711,11-07-2020,Saturday,28,July,Jul,7,3,2020
20200712,12-07-2020,Sunday,29,July,Jul,7,3,2020
20200713,13-07-2020,Monday,29,July,Jul,7,3,2020
20200714,14-07-2020,Tuesday,29,July,Jul,7,3,2020
20200715,15-07-2020,Wednesday,29,July,Jul,7,3,2020
20200716,16-07-2020,Thursday,29,July,Jul,7,3,2020
20200717,17-07-2020,Friday,29,July,Jul,7,3,2020
20200718,18-07-2020,Saturday,29,July,Jul,7,3,2020
20200719,19-07-2020,Sunday,30,July,Jul,7,3,2020
20200720,20-07-2020,Monday,30,July,Jul,7,3,2020
20200721,21-07-2020,Tuesday,30,July,Jul,7,3,2020
20200722,22-07-2020,Wednesday,30,July,Jul,7,3,2020
20200723,23-07-2020,Thursday,30,July,Jul,7,3,2020
20200724,24-07-2020,Friday,30,July,Jul,7,3,2020
20200725,25-07-2020,Saturday,30,July,Jul,7,3,2020
20200726,26-07-2020,Sunday,31,July,Jul,7,3,2020
20200727,27-07-2020,Monday,31,July,Jul,7,3,2020
20200728,28-07-2020,Tuesday,31,July,Jul,7,3,2020
20200729,29-07-2020,Wednesday,31,July,Jul,7,3,2020
20200730,30-07-2020,Thursday,31,July,Jul,7,3,2020
20200731,31-07-2020,Friday,31,July,Jul,7,3,2020
20200801,01-08-2020,Saturday,31,August,Aug,8,3,2020
20200802,02-08-2020,Sunday,32,August,Aug,8,3,2020
20200803,03-08-2020,Monday,32,August,Aug,8,3,2020
20200804,04-08-2020,Tuesday,32,August,Aug,8,3,2020
20200805,05-08-2020,Wednesday,32,August,Aug,8,3,2020
20200806,06-08-2020,Thursday,32,August,Aug,8,3,2020
20200807,07-08-2020,Friday,32,August,Aug,8,3,2020
20200808,08-08-2020,Saturday,32,August,Aug,8,3,2020
20200809,09-08-2020,Sunday,33,August,Aug,8,3,2020
20200810,10-08-2020,Monday,33,August,Aug,8,3,2020
20200811,11-08-2020,Tuesday,33,August,Aug,8,3,2020
20200812,12-08-2020,Wednesday,33,August,Aug,8,3,2020
20200813,13-08-2020,Thursday,33,August,Aug,8,3,2020
20200814,14-08-2020,Friday,33,August,Aug,8,3,2020
20200815,15-08-2020,Saturday,33,August,Aug,8,3,2020
20200816,16-08-2020,Sunday,34,August,Aug,8,3,2020
20200817,17-08-2020,Monday,34,August,Aug,8,3,2020
20200818,18-08-2020,Tuesday,34,August,Aug,8,3,2020
20200819,19-08-2020,Wednesday,34,August,Aug,8,3,2020
20200820,20-08-2020,Thursday,34,August,Aug,8,3,2020
20200821,21-08-2020,Friday,34,August,Aug,8,3,2020
20200822,22-08-2020,Saturday,34,August,Aug,8,3,2020
20200823,23-08-2020,Sunday,35,August,Aug,8,3,2020
20200824,24-08-2020,Monday,35,August,Aug,8,3,2020
20200825,25-08-2020,Tuesday,35,August,Aug,8,3,2020
20200826,26-08-2020,Wednesday,35,August,Aug,8,3,2020
20200827,27-08-2020,Thursday,35,August,Aug,8,3,2020
20200828,28-08-2020,Friday,35,August,Aug,8,3,2020
20200829,29-08-2020,Saturday,35,August,Aug,8,3,2020
20200830,30-08-2020,Sunday,36,August,Aug,8,3,2020
20200831,31-08-2020,Monday,36,August,Aug,8,3,2020
20200901,01-09-2020,Tuesday,36,September,Sep,9,3,2020
20200902,02-09-2020,Wednesday,36,September,Sep,9,3,2020
20200903,03-09-2020,Thursday,36,September,Sep,9,3,2020
20200904,04-09-2020,Friday,36,September,Sep,9,3,2020
20200905,05-09-2020,Saturday,36,September,Sep,9,3,2020
20200906,06-09-2020,Sunday,37,September,Sep,9,3,2020
20200907,07-09-2020,Monday,37,September,Sep,9,3,2020
20200908,08-09-2020,Tuesday,37,September,Sep,9,3,2020
20200909,09-09-2020,Wednesday,37,September,Sep,9,3,2020
20200910,10-09-2020,Thursday,37,September,Sep,9,3,2020
20200911,11-09-2020,Friday,37,September,Sep,9,3,2020
20200912,12-09-2020,Saturday,37,September,Sep,9,3,2020
20200913,13-09-2020,Sunday,38,September,Sep,9,3,2020
20200914,14-09-2020,Monday,38,September,Sep,9,3,2020
20200915,15-09-2020,Tuesday,38,September,Sep,9,3,2020
20200916,16-09-2020,Wednesday,38,September,Sep,9,3,2020
20200917,17-09-2020,Thursday,38,September,Sep,9,3,2020
20200918,18-09-2020,Friday,38,September,Sep,9,3,2020
20200919,19-09-2020,Saturday,38,September,Sep,9,3,2020
20200920,20-09-2020,Sunday,39,September,Sep,9,3,2020
20200921,21-09-2020,Monday,39,September,Sep,9,3,2020
20200922,22-09-2020,Tuesday,39,September,Sep,9,3,2020
20200923,23-09-2020,Wednesday,39,September,Sep,9,3,2020
20200924,24-09-2020,Thursday,39,September,Sep,9,3,2020
20200925,25-09-2020,Friday,39,September,Sep,9,3,2020
20200926,26-09-2020,Saturday,39,September,Sep,9,3,2020
20200927,27-09-2020,Sunday,40,September,Sep,9,3,2020
20200928,28-09-2020,Monday,40,September,Sep,9,3,2020
20200929,29-09-2020,Tuesday,40,September,Sep,9,3,2020
20200930,30-09-2020,Wednesday,40,September,Sep,9,3,2020
20200101,01-01-2020,Wednesday,1,January,Jan,1,1,2020
20200102,02-01-2020,Thursday,1,January,Jan,1,1,2020
20200103,03-01-2020,Friday,1,January,Jan,1,1,2020
20200104,04-01-2020,Saturday,1,January,Jan,1,1,2020
20200105,05-01-2020,Sunday,2,January,Jan,1,1,2020
20200106,06-01-2020,Monday,2,January,Jan,1,1,2020
20200107,07-01-2020,Tuesday,2,January,Jan,1,1,2020
20200108,08-01-2020,Wednesday,2,January,Jan,1,1,2020
20200109,09-01-2020,Thursday,2,January,Jan,1,1,2020
20200110,10-01-2020,Friday,2,January,Jan,1,1,2020
20200111,11-01-2020,Saturday,2,January,Jan,1,1,2020
20200112,12-01-2020,Sunday,3,January,Jan,1,1,2020
20200113,13-01-2020,Monday,3,January,Jan,1,1,2020
20200114,14-01-2020,Tuesday,3,January,Jan,1,1,2020
20200115,15-01-2020,Wednesday,3,January,Jan,1,1,2020
20200116,16-01-2020,Thursday,3,January,Jan,1,1,2020
20200117,17-01-2020,Friday,3,January,Jan,1,1,2020
20200118,18-01-2020,Saturday,3,January,Jan,1,1,2020
20200119,19-01-2020,Sunday,4,January,Jan,1,1,2020
20200120,20-01-2020,Monday,4,January,Jan,1,1,2020
20200121,21-01-2020,Tuesday,4,January,Jan,1,1,2020
20200122,22-01-2020,Wednesday,4,January,Jan,1,1,2020
20200123,23-01-2020,Thursday,4,January,Jan,1,1,2020
20200124,24-01-2020,Friday,4,January,Jan,1,1,2020
20200125,25-01-2020,Saturday,4,January,Jan,1,1,2020
20200126,26-01-2020,Sunday,5,January,Jan,1,1,2020
20200127,27-01-2020,Monday,5,January,Jan,1,1,2020
20200128,28-01-2020,Tuesday,5,January,Jan,1,1,2020
20200129,29-01-2020,Wednesday,5,January,Jan,1,1,2020
20200130,30-01-2020,Thursday,5,January,Jan,1,1,2020
20200131,31-01-2020,Friday,5,January,Jan,1,1,2020
20200201,01-02-2020,Saturday,5,February,Feb,2,1,2020
20200202,02-02-2020,Sunday,6,February,Feb,2,1,2020
20200203,03-02-2020,Monday,6,February,Feb,2,1,2020
20200204,04-02-2020,Tuesday,6,February,Feb,2,1,2020
20200205,05-02-2020,Wednesday,6,February,Feb,2,1,2020
20200206,06-02-2020,Thursday,6,February,Feb,2,1,2020
20200207,07-02-2020,Friday,6,February,Feb,2,1,2020
20200208,08-02-2020,Saturday,6,February,Feb,2,1,2020
20200209,09-02-2020,Sunday,7,February,Feb,2,1,2020
20200210,10-02-2020,Monday,7,February,Feb,2,1,2020
20200211,11-02-2020,Tuesday,7,February,Feb,2,1,2020
20200212,12-02-2020,Wednesday,7,February,Feb,2,1,2020
20200213,13-02-2020,Thursday,7,February,Feb,2,1,2020
20200214,14-02-2020,Friday,7,February,Feb,2,1,2020
20200215,15-02-2020,Saturday,7,February,Feb,2,1,2020
20200216,16-02-2020,Sunday,8,February,Feb,2,1,2020
20200217,17-02-2020,Monday,8,February,Feb,2,1,2020
20200218,18-02-2020,Tuesday,8,February,Feb,2,1,2020
20200219,19-02-2020,Wednesday,8,February,Feb,2,1,2020
20200220,20-02-2020,Thursday,8,February,Feb,2,1,2020
20200221,21-02-2020,Friday,8,February,Feb,2,1,2020
20200222,22-02-2020,Saturday,8,February,Feb,2,1,2020
20200223,23-02-2020,Sunday,9,February,Feb,2,1,2020
20200224,24-02-2020,Monday,9,February,Feb,2,1,2020
20200225,25-02-2020,Tuesday,9,February,Feb,2,1,2020
20200226,26-02-2020,Wednesday,9,February,Feb,2,1,2020
20200227,27-02-2020,Thursday,9,February,Feb,2,1,2020
20200228,28-02-2020,Friday,9,February,Feb,2,1,2020
20200229,29-02-2020,Saturday,9,February,Feb,2,1,2020
20200301,01-03-2020,Sunday,10,March,Mar,3,1,2020
20200302,02-03-2020,Monday,10,March,Mar,3,1,2020
20200303,03-03-2020,Tuesday,10,March,Mar,3,1,2020
20200304,04-03-2020,Wednesday,10,March,Mar,3,1,2020
20200305,05-03-2020,Thursday,10,March,Mar,3,1,2020
20200306,06-03-2020,Friday,10,March,Mar,3,1,2020
20200307,07-03-2020,Saturday,10,March,Mar,3,1,2020
20200308,08-03-2020,Sunday,11,March,Mar,3,1,2020
20200309,09-03-2020,Monday,11,March,Mar,3,1,2020
20200310,10-03-2020,Tuesday,11,March,Mar,3,1,2020
20200311,11-03-2020,Wednesday,11,March,Mar,3,1,2020
20200312,12-03-2020,Thursday,11,March,Mar,3,1,2020
20200313,13-03-2020,Friday,11,March,Mar,3,1,2020
20200314,14-03-2020,Saturday,11,March,Mar,3,1,2020
20200315,15-03-2020,Sunday,12,March,Mar,3,1,2020
20200316,16-03-2020,Monday,12,March,Mar,3,1,2020
20200317,17-03-2020,Tuesday,12,March,Mar,3,1,2020
20200318,18-03-2020,Wednesday,12,March,Mar,3,1,2020
20200319,19-03-2020,Thursday,12,March,Mar,3,1,2020
20200320,20-03-2020,Friday,12,March,Mar,3,1,2020
20200321,21-03-2020,Saturday,12,March,Mar,3,1,2020
20200322,22-03-2020,Sunday,13,March,Mar,3,1,2020
20200323,23-03-2020,Monday,13,March,Mar,3,1,2020
20200324,24-03-2020,Tuesday,13,March,Mar,3,1,2020
20200325,25-03-2020,Wednesday,13,March,Mar,3,1,2020
20200326,26-03-2020,Thursday,13,March,Mar,3,1,2020
20200327,27-03-2020,Friday,13,March,Mar,3,1,2020
20200328,28-03-2020,Saturday,13,March,Mar,3,1,2020
20200329,29-03-2020,Sunday,14,March,Mar,3,1,2020
20200330,30-03-2020,Monday,14,March,Mar,3,1,2020
20200331,31-03-2020,Tuesday,14,March,Mar,3,1,2020
20200401,01-04-2020,Wednesday,14,April,Apr,4,2,2020
20200402,02-04-2020,Thursday,14,April,Apr,4,2,2020
20200403,03-04-2020,Friday,14,April,Apr,4,2,2020
20200404,04-04-2020,Saturday,14,April,Apr,4,2,2020
20200405,05-04-2020,Sunday,15,April,Apr,4,2,2020
20200406,06-04-2020,Monday,15,April,Apr,4,2,2020
20200407,07-04-2020,Tuesday,15,April,Apr,4,2,2020
20200408,08-04-2020,Wednesday,15,April,Apr,4,2,2020
20200409,09-04-2020,Thursday,15,April,Apr,4,2,2020
20200410,10-04-2020,Friday,15,April,Apr,4,2,2020
20200411,11-04-2020,Saturday,15,April,Apr,4,2,2020
20200412,12-04-2020,Sunday,16,April,Apr,4,2,2020
20200413,13-04-2020,Monday,16,April,Apr,4,2,2020
20200414,14-04-2020,Tuesday,16,April,Apr,4,2,2020
20200415,15-04-2020,Wednesday,16,April,Apr,4,2,2020
20200416,16-04-2020,Thursday,16,April,Apr,4,2,2020
20200417,17-04-2020,Friday,16,April,Apr,4,2,2020
20200418,18-04-2020,Saturday,16,April,Apr,4,2,2020
20200419,19-04-2020,Sunday,17,April,Apr,4,2,2020
20200420,20-04-2020,Monday,17,April,Apr,4,2,2020
20200421,21-04-2020,Tuesday,17,April,Apr,4,2,2020
20200422,22-04-2020,Wednesday,17,April,Apr,4,2,2020
20200423,23-04-2020,Thursday,17,April,Apr,4,2,2020
20200424,24-04-2020,Friday,17,April,Apr,4,2,2020
20200425,25-04-2020,Saturday,17,April,Apr,4,2,2020
20200426,26-04-2020,Sunday,18,April,Apr,4,2,2020
20200427,27-04-2020,Monday,18,April,Apr,4,2,2020
20200428,28-04-2020,Tuesday,18,April,Apr,4,2,2020
20200429,29-04-2020,Wednesday,18,April,Apr,4,2,2020
20200430,30-04-2020,Thursday,18,April,Apr,4,2,2020
20200501,01-05-2020,Friday,18,May,May,5,2,2020
20200502,02-05-2020,Saturday,18,May,May,5,2,2020
20200503,03-05-2020,Sunday,19,May,May,5,2,2020
20200504,04-05-2020,Monday,19,May,May,5,2,2020
20200505,05-05-2020,Tuesday,19,May,May,5,2,2020
20200506,06-05-2020,Wednesday,19,May,May,5,2,2020
20200507,07-05-2020,Thursday,19,May,May,5,2,2020
20200508,08-05-2020,Friday,19,May,May,5,2,2020
20200509,09-05-2020,Saturday,19,May,May,5,2,2020
20200510,10-05-2020,Sunday,20,May,May,5,2,2020
20200511,11-05-2020,Monday,20,May,May,5,2,2020
20200512,12-05-2020,Tuesday,20,May,May,5,2,2020
20200513,13-05-2020,Wednesday,20,May,May,5,2,2020
20200514,14-05-2020,Thursday,20,May,May,5,2,2020
20200515,15-05-2020,Friday,20,May,May,5,2,2020
20200516,16-05-2020,Saturday,20,May,May,5,2,2020
20200517,17-05-2020,Sunday,21,May,May,5,2,2020
20200518,18-05-2020,Monday,21,May,May,5,2,2020
20200519,19-05-2020,Tuesday,21,May,May,5,2,2020
20200520,20-05-2020,Wednesday,21,May,May,5,2,2020
20200521,21-05-2020,Thursday,21,May,May,5,2,2020
20200522,22-05-2020,Friday,21,May,May,5,2,2020
20200523,23-05-2020,Saturday,21,May,May,5,2,2020
20200524,24-05-2020,Sunday,22,May,May,5,2,2020
20200525,25-05-2020,Monday,22,May,May,5,2,2020
20200526,26-05-2020,Tuesday,22,May,May,5,2,2020
20200527,27-05-2020,Wednesday,22,May,May,5,2,2020
20200528,28-05-2020,Thursday,22,May,May,5,2,2020
20200529,29-05-2020,Friday,22,May,May,5,2,2020
20200530,30-05-2020,Saturday,22,May,May,5,2,2020
20200531,31-05-2020,Sunday,23,May,May,5,2,2020
20200601,01-06-2020,Monday,23,June,Jun,6,2,2020
20200602,02-06-2020,Tuesday,23,June,Jun,6,2,2020
20200603,03-06-2020,Wednesday,23,June,Jun,6,2,2020
20200604,04-06-2020,Thursday,23,June,Jun,6,2,2020
20200605,05-06-2020,Friday,23,June,Jun,6,2,2020
20200606,06-06-2020,Saturday,23,June,Jun,6,2,2020
20200607,07-06-2020,Sunday,24,June,Jun,6,2,2020
20200608,08-06-2020,Monday,24,June,Jun,6,2,2020
20200609,09-06-2020,Tuesday,24,June,Jun,6,2,2020
20200610,10-06-2020,Wednesday,24,June,Jun,6,2,2020
20200611,11-06-2020,Thursday,24,June,Jun,6,2,2020
20200612,12-06-2020,Friday,24,June,Jun,6,2,2020
20200613,13-06-2020,Saturday,24,June,Jun,6,2,2020
20200614,14-06-2020,Sunday,25,June,Jun,6,2,2020
20200615,15-06-2020,Monday,25,June,Jun,6,2,2020
20200616,16-06-2020,Tuesday,25,June,Jun,6,2,2020
20200617,17-06-2020,Wednesday,25,June,Jun,6,2,2020
20200618,18-06-2020,Thursday,25,June,Jun,6,2,2020
20200619,19-06-2020,Friday,25,June,Jun,6,2,2020
20200620,20-06-2020,Saturday,25,June,Jun,6,2,2020
20200621,21-06-2020,Sunday,26,June,Jun,6,2,2020
20200622,22-06-2020,Monday,26,June,Jun,6,2,2020
20200623,23-06-2020,Tuesday,26,June,Jun,6,2,2020
20200624,24-06-2020,Wednesday,26,June,Jun,6,2,2020
20200625,25-06-2020,Thursday,26,June,Jun,6,2,2020
20200626,26-06-2020,Friday,26,June,Jun,6,2,2020
20200627,27-06-2020,Saturday,26,June,Jun,6,2,2020
20200628,28-06-2020,Sunday,27,June,Jun,6,2,2020
20200629,29-06-2020,Monday,27,June,Jun,6,2,2020
20200630,30-06-2020,Tuesday,27,June,Jun,6,2,2020
20201001,01-10-2020,Thursday,40,October,Oct,10,4,2020
20201002,02-10-2020,Friday,40,October,Oct,10,4,2020
20201003,03-10-2020,Saturday,40,October,Oct,10,4,2020
20201004,04-10-2020,Sunday,41,October,Oct,10,4,2020
20201005,05-10-2020,Monday,41,October,Oct,10,4,2020
20201006,06-10-2020,Tuesday,41,October,Oct,10,4,2020
20201007,07-10-2020,Wednesday,41,October,Oct,10,4,2020
20201008,08-10-2020,Thursday,41,October,Oct,10,4,2020
20201009,09-10-2020,Friday,41,October,Oct,10,4,2020
20201010,10-10-2020,Saturday,41,October,Oct,10,4,2020
20201011,11-10-2020,Sunday,42,October,Oct,10,4,2020
20201012,12-10-2020,Monday,42,October,Oct,10,4,2020
20201013,13-10-2020,Tuesday,42,October,Oct,10,4,2020
20201014,14-10-2020,Wednesday,42,October,Oct,10,4,2020
20201015,15-10-2020,Thursday,42,October,Oct,10,4,2020
20201016,16-10-2020,Friday,42,October,Oct,10,4,2020
20201017,17-10-2020,Saturday,42,October,Oct,10,4,2020
20201018,18-10-2020,Sunday,43,October,Oct,10,4,2020
20201019,19-10-2020,Monday,43,October,Oct,10,4,2020
20201020,20-10-2020,Tuesday,43,October,Oct,10,4,2020
20201021,21-10-2020,Wednesday,43,October,Oct,10,4,2020
20201022,22-10-2020,Thursday,43,October,Oct,10,4,2020
20201023,23-10-2020,Friday,43,October,Oct,10,4,2020
20201024,24-10-2020,Saturday,43,October,Oct,10,4,2020
20201025,25-10-2020,Sunday,44,October,Oct,10,4,2020
20201026,26-10-2020,Monday,44,October,Oct,10,4,2020
20201027,27-10-2020,Tuesday,44,October,Oct,10,4,2020
20201028,28-10-2020,Wednesday,44,October,Oct,10,4,2020
20201029,29-10-2020,Thursday,44,October,Oct,10,4,2020
20201030,30-10-2020,Friday,44,October,Oct,10,4,2020
20201031,31-10-2020,Saturday,44,October,Oct,10,4,2020
20201101,01-11-2020,Sunday,45,November,Nov,11,4,2020
20201102,02-11-2020,Monday,45,November,Nov,11,4,2020
20201103,03-11-2020,Tuesday,45,November,Nov,11,4,2020
20201104,04-11-2020,Wednesday,45,November,Nov,11,4,2020
20201105,05-11-2020,Thursday,45,November,Nov,11,4,2020
20201106,06-11-2020,Friday,45,November,Nov,11,4,2020
20201107,07-11-2020,Saturday,45,November,Nov,11,4,2020
20201108,08-11-2020,Sunday,46,November,Nov,11,4,2020
20201109,09-11-2020,Monday,46,November,Nov,11,4,2020
20201110,10-11-2020,Tuesday,46,November,Nov,11,4,2020
20201111,11-11-2020,Wednesday,46,November,Nov,11,4,2020
20201112,12-11-2020,Thursday,46,November,Nov,11,4,2020
20201113,13-11-2020,Friday,46,November,Nov,11,4,2020
20201114,14-11-2020,Saturday,46,November,Nov,11,4,2020
20201115,15-11-2020,Sunday,47,November,Nov,11,4,2020
20201116,16-11-2020,Monday,47,November,Nov,11,4,2020
20201117,17-11-2020,Tuesday,47,November,Nov,11,4,2020
20201118,18-11-2020,Wednesday,47,November,Nov,11,4,2020
20201119,19-11-2020,Thursday,47,November,Nov,11,4,2020
20201120,20-11-2020,Friday,47,November,Nov,11,4,2020
20201121,21-11-2020,Saturday,47,November,Nov,11,4,2020
20201122,22-11-2020,Sunday,48,November,Nov,11,4,2020
20201123,23-11-2020,Monday,48,November,Nov,11,4,2020
20201124,24-11-2020,Tuesday,48,November,Nov,11,4,2020
20201125,25-11-2020,Wednesday,48,November,Nov,11,4,2020
20201126,26-11-2020,Thursday,48,November,Nov,11,4,2020
20201127,27-11-2020,Friday,48,November,Nov,11,4,2020
20201128,28-11-2020,Saturday,48,November,Nov,11,4,2020
20201129,29-11-2020,Sunday,49,November,Nov,11,4,2020
20201130,30-11-2020,Monday,49,November,Nov,11,4,2020
20201201,01-12-2020,Tuesday,49,December,Dec,12,4,2020
20201202,02-12-2020,Wednesday,49,December,Dec,12,4,2020
20201203,03-12-2020,Thursday,49,December,Dec,12,4,2020
20201204,04-12-2020,Friday,49,December,Dec,12,4,2020
20201205,05-12-2020,Saturday,49,December,Dec,12,4,2020
20201206,06-12-2020,Sunday,50,December,Dec,12,4,2020
20201207,07-12-2020,Monday,50,December,Dec,12,4,2020
20201208,08-12-2020,Tuesday,50,December,Dec,12,4,2020
20201209,09-12-2020,Wednesday,50,December,Dec,12,4,2020
20201210,10-12-2020,Thursday,50,December,Dec,12,4,2020
20201211,11-12-2020,Friday,50,December,Dec,12,4,2020
20201212,12-12-2020,Saturday,50,December,Dec,12,4,2020
20201213,13-12-2020,Sunday,51,December,Dec,12,4,2020
20201214,14-12-2020,Monday,51,December,Dec,12,4,2020
20201215,15-12-2020,Tuesday,51,December,Dec,12,4,2020
20201216,16-12-2020,Wednesday,51,December,Dec,12,4,2020
20201217,17-12-2020,Thursday,51,December,Dec,12,4,2020
20201218,18-12-2020,Friday,51,December,Dec,12,4,2020
20201219,19-12-2020,Saturday,51,December,Dec,12,4,2020
20201220,20-12-2020,Sunday,52,December,Dec,12,4,2020
20201221,21-12-2020,Monday,52,December,Dec,12,4,2020
20201222,22-12-2020,Tuesday,52,December,Dec,12,4,2020
20201223,23-12-2020,Wednesday,52,December,Dec,12,4,2020
20201224,24-12-2020,Thursday,52,December,Dec,12,4,2020
20201225,25-12-2020,Friday,52,December,Dec,12,4,2020
20201226,26-12-2020,Saturday,52,December,Dec,12,4,2020
20201227,27-12-2020,Sunday,53,December,Dec,12,4,2020
20201228,28-12-2020,Monday,53,December,Dec,12,4,2020
20201229,29-12-2020,Tuesday,53,December,Dec,12,4,2020
20201230,30-12-2020,Wednesday,53,December,Dec,12,4,2020
20201231,31-12-2020,Thursday,53,December,Dec,12,4,2020
20190101,01-01-2019,Tuesday,1,January,Jan,1,1,2019
20190102,02-01-2019,Wednesday,1,January,Jan,1,1,2019
20190103,03-01-2019,Thursday,1,January,Jan,1,1,2019
20190104,04-01-2019,Friday,1,January,Jan,1,1,2019
20190105,05-01-2019,Saturday,1,January,Jan,1,1,2019
20190106,06-01-2019,Sunday,2,January,Jan,1,1,2019
20190107,07-01-2019,Monday,2,January,Jan,1,1,2019
20190108,08-01-2019,Tuesday,2,January,Jan,1,1,2019
20190109,09-01-2019,Wednesday,2,January,Jan,1,1,2019
20190110,10-01-2019,Thursday,2,January,Jan,1,1,2019
20190111,11-01-2019,Friday,2,January,Jan,1,1,2019
20190112,12-01-2019,Saturday,2,January,Jan,1,1,2019
20190113,13-01-2019,Sunday,3,January,Jan,1,1,2019
20190114,14-01-2019,Monday,3,January,Jan,1,1,2019
20190115,15-01-2019,Tuesday,3,January,Jan,1,1,2019
20190116,16-01-2019,Wednesday,3,January,Jan,1,1,2019
20190117,17-01-2019,Thursday,3,January,Jan,1,1,2019
20190118,18-01-2019,Friday,3,January,Jan,1,1,2019
20190119,19-01-2019,Saturday,3,January,Jan,1,1,2019
20190120,20-01-2019,Sunday,4,January,Jan,1,1,2019
20190121,21-01-2019,Monday,4,January,Jan,1,1,2019
20190122,22-01-2019,Tuesday,4,January,Jan,1,1,2019
20190123,23-01-2019,Wednesday,4,January,Jan,1,1,2019
20190124,24-01-2019,Thursday,4,January,Jan,1,1,2019
20190125,25-01-2019,Friday,4,January,Jan,1,1,2019
20190126,26-01-2019,Saturday,4,January,Jan,1,1,2019
20190127,27-01-2019,Sunday,5,January,Jan,1,1,2019
20190128,28-01-2019,Monday,5,January,Jan,1,1,2019
20190129,29-01-2019,Tuesday,5,January,Jan,1,1,2019
20190130,30-01-2019,Wednesday,5,January,Jan,1,1,2019
20190131,31-01-2019,Thursday,5,January,Jan,1,1,2019
20190201,01-02-2019,Friday,5,February,Feb,2,1,2019
20190202,02-02-2019,Saturday,5,February,Feb,2,1,2019
20190203,03-02-2019,Sunday,6,February,Feb,2,1,2019
20190204,04-02-2019,Monday,6,February,Feb,2,1,2019
20190205,05-02-2019,Tuesday,6,February,Feb,2,1,2019
20190206,06-02-2019,Wednesday,6,February,Feb,2,1,2019
20190207,07-02-2019,Thursday,6,February,Feb,2,1,2019
20190208,08-02-2019,Friday,6,February,Feb,2,1,2019
20190209,09-02-2019,Saturday,6,February,Feb,2,1,2019
20190210,10-02-2019,Sunday,7,February,Feb,2,1,2019
20190211,11-02-2019,Monday,7,February,Feb,2,1,2019
20190212,12-02-2019,Tuesday,7,February,Feb,2,1,2019
20190213,13-02-2019,Wednesday,7,February,Feb,2,1,2019
20190214,14-02-2019,Thursday,7,February,Feb,2,1,2019
20190215,15-02-2019,Friday,7,February,Feb,2,1,2019
20190216,16-02-2019,Saturday,7,February,Feb,2,1,2019
20190217,17-02-2019,Sunday,8,February,Feb,2,1,2019
20190218,18-02-2019,Monday,8,February,Feb,2,1,2019
20190219,19-02-2019,Tuesday,8,February,Feb,2,1,2019
20190220,20-02-2019,Wednesday,8,February,Feb,2,1,2019
20190221,21-02-2019,Thursday,8,February,Feb,2,1,2019
20190222,22-02-2019,Friday,8,February,Feb,2,1,2019
20190223,23-02-2019,Saturday,8,February,Feb,2,1,2019
20190224,24-02-2019,Sunday,9,February,Feb,2,1,2019
20190225,25-02-2019,Monday,9,February,Feb,2,1,2019
20190226,26-02-2019,Tuesday,9,February,Feb,2,1,2019
20190227,27-02-2019,Wednesday,9,February,Feb,2,1,2019
20190228,28-02-2019,Thursday,9,February,Feb,2,1,2019
20190301,01-03-2019,Friday,9,March,Mar,3,1,2019
20190302,02-03-2019,Saturday,9,March,Mar,3,1,2019
20190303,03-03-2019,Sunday,10,March,Mar,3,1,2019
20190304,04-03-2019,Monday,10,March,Mar,3,1,2019
20190305,05-03-2019,Tuesday,10,March,Mar,3,1,2019
20190306,06-03-2019,Wednesday,10,March,Mar,3,1,2019
20190307,07-03-2019,Thursday,10,March,Mar,3,1,2019
20190308,08-03-2019,Friday,10,March,Mar,3,1,2019
20190309,09-03-2019,Saturday,10,March,Mar,3,1,2019
20190310,10-03-2019,Sunday,11,March,Mar,3,1,2019
20190311,11-03-2019,Monday,11,March,Mar,3,1,2019
20190312,12-03-2019,Tuesday,11,March,Mar,3,1,2019
20190313,13-03-2019,Wednesday,11,March,Mar,3,1,2019
20190314,14-03-2019,Thursday,11,March,Mar,3,1,2019
20190315,15-03-2019,Friday,11,March,Mar,3,1,2019
20190316,16-03-2019,Saturday,11,March,Mar,3,1,2019
20190317,17-03-2019,Sunday,12,March,Mar,3,1,2019
20190318,18-03-2019,Monday,12,March,Mar,3,1,2019
20190319,19-03-2019,Tuesday,12,March,Mar,3,1,2019
20190320,20-03-2019,Wednesday,12,March,Mar,3,1,2019
20190321,21-03-2019,Thursday,12,March,Mar,3,1,2019
20190322,22-03-2019,Friday,12,March,Mar,3,1,2019
20190323,23-03-2019,Saturday,12,March,Mar,3,1,2019
20190324,24-03-2019,Sunday,13,March,Mar,3,1,2019
20190325,25-03-2019,Monday,13,March,Mar,3,1,2019
20190326,26-03-2019,Tuesday,13,March,Mar,3,1,2019
20190327,27-03-2019,Wednesday,13,March,Mar,3,1,2019
20190328,28-03-2019,Thursday,13,March,Mar,3,1,2019
20190329,29-03-2019,Friday,13,March,Mar,3,1,2019
20190330,30-03-2019,Saturday,13,March,Mar,3,1,2019
20190331,31-03-2019,Sunday,14,March,Mar,3,1,2019
20191001,01-10-2019,Tuesday,40,October,Oct,10,4,2019
20191002,02-10-2019,Wednesday,40,October,Oct,10,4,2019
20191003,03-10-2019,Thursday,40,October,Oct,10,4,2019
20191004,04-10-2019,Friday,40,October,Oct,10,4,2019
20191005,05-10-2019,Saturday,40,October,Oct,10,4,2019
20191006,06-10-2019,Sunday,41,October,Oct,10,4,2019
20191007,07-10-2019,Monday,41,October,Oct,10,4,2019
20191008,08-10-2019,Tuesday,41,October,Oct,10,4,2019
20191009,09-10-2019,Wednesday,41,October,Oct,10,4,2019
20191010,10-10-2019,Thursday,41,October,Oct,10,4,2019
20191011,11-10-2019,Friday,41,October,Oct,10,4,2019
20191012,12-10-2019,Saturday,41,October,Oct,10,4,2019
20191013,13-10-2019,Sunday,42,October,Oct,10,4,2019
20191014,14-10-2019,Monday,42,October,Oct,10,4,2019
20191015,15-10-2019,Tuesday,42,October,Oct,10,4,2019
20191016,16-10-2019,Wednesday,42,October,Oct,10,4,2019
20191017,17-10-2019,Thursday,42,October,Oct,10,4,2019
20191018,18-10-2019,Friday,42,October,Oct,10,4,2019
20191019,19-10-2019,Saturday,42,October,Oct,10,4,2019
20191020,20-10-2019,Sunday,43,October,Oct,10,4,2019
20191021,21-10-2019,Monday,43,October,Oct,10,4,2019
20191022,22-10-2019,Tuesday,43,October,Oct,10,4,2019
20191023,23-10-2019,Wednesday,43,October,Oct,10,4,2019
20191024,24-10-2019,Thursday,43,October,Oct,10,4,2019
20191025,25-10-2019,Friday,43,October,Oct,10,4,2019
20191026,26-10-2019,Saturday,43,October,Oct,10,4,2019
20191027,27-10-2019,Sunday,44,October,Oct,10,4,2019
20191028,28-10-2019,Monday,44,October,Oct,10,4,2019
20191029,29-10-2019,Tuesday,44,October,Oct,10,4,2019
20191030,30-10-2019,Wednesday,44,October,Oct,10,4,2019
20191031,31-10-2019,Thursday,44,October,Oct,10,4,2019
20191101,01-11-2019,Friday,44,November,Nov,11,4,2019
20191102,02-11-2019,Saturday,44,November,Nov,11,4,2019
20191103,03-11-2019,Sunday,45,November,Nov,11,4,2019
20191104,04-11-2019,Monday,45,November,Nov,11,4,2019
20191105,05-11-2019,Tuesday,45,November,Nov,11,4,2019
20191106,06-11-2019,Wednesday,45,November,Nov,11,4,2019
20191107,07-11-2019,Thursday,45,November,Nov,11,4,2019
20191108,08-11-2019,Friday,45,November,Nov,11,4,2019
20191109,09-11-2019,Saturday,45,November,Nov,11,4,2019
20191110,10-11-2019,Sunday,46,November,Nov,11,4,2019
20191111,11-11-2019,Monday,46,November,Nov,11,4,2019
20191112,12-11-2019,Tuesday,46,November,Nov,11,4,2019
20191113,13-11-2019,Wednesday,46,November,Nov,11,4,2019
20191114,14-11-2019,Thursday,46,November,Nov,11,4,2019
20191115,15-11-2019,Friday,46,November,Nov,11,4,2019
20191116,16-11-2019,Saturday,46,November,Nov,11,4,2019
20191117,17-11-2019,Sunday,47,November,Nov,11,4,2019
20191118,18-11-2019,Monday,47,November,Nov,11,4,2019
20191119,19-11-2019,Tuesday,47,November,Nov,11,4,2019
20191120,20-11-2019,Wednesday,47,November,Nov,11,4,2019
20191121,21-11-2019,Thursday,47,November,Nov,11,4,2019
20191122,22-11-2019,Friday,47,November,Nov,11,4,2019
20191123,23-11-2019,Saturday,47,November,Nov,11,4,2019
20191124,24-11-2019,Sunday,48,November,Nov,11,4,2019
20191125,25-11-2019,Monday,48,November,Nov,11,4,2019
20191126,26-11-2019,Tuesday,48,November,Nov,11,4,2019
20191127,27-11-2019,Wednesday,48,November,Nov,11,4,2019
20191128,28-11-2019,Thursday,48,November,Nov,11,4,2019
20191129,29-11-2019,Friday,48,November,Nov,11,4,2019
20191130,30-11-2019,Saturday,48,November,Nov,11,4,2019
20191201,01-12-2019,Sunday,49,December,Dec,12,4,2019
20191202,02-12-2019,Monday,49,December,Dec,12,4,2019
20191203,03-12-2019,Tuesday,49,December,Dec,12,4,2019
20191204,04-12-2019,Wednesday,49,December,Dec,12,4,2019
20191205,05-12-2019,Thursday,49,December,Dec,12,4,2019
20191206,06-12-2019,Friday,49,December,Dec,12,4,2019
20191207,07-12-2019,Saturday,49,December,Dec,12,4,2019
20191208,08-12-2019,Sunday,50,December,Dec,12,4,2019
20191209,09-12-2019,Monday,50,December,Dec,12,4,2019
20191210,10-12-2019,Tuesday,50,December,Dec,12,4,2019
20191211,11-12-2019,Wednesday,50,December,Dec,12,4,2019
20191212,12-12-2019,Thursday,50,December,Dec,12,4,2019
20191213,13-12-2019,Friday,50,December,Dec,12,4,2019
20191214,14-12-2019,Saturday,50,December,Dec,12,4,2019
20191215,15-12-2019,Sunday,51,December,Dec,12,4,2019
20191216,16-12-2019,Monday,51,December,Dec,12,4,2019
20191217,17-12-2019,Tuesday,51,December,Dec,12,4,2019
20191218,18-12-2019,Wednesday,51,December,Dec,12,4,2019
20191219,19-12-2019,Thursday,51,December,Dec,12,4,2019
20191220,20-12-2019,Friday,51,December,Dec,12,4,2019
20191221,21-12-2019,Saturday,51,December,Dec,12,4,2019
20191222,22-12-2019,Sunday,52,December,Dec,12,4,2019
20191223,23-12-2019,Monday,52,December,Dec,12,4,2019
20191224,24-12-2019,Tuesday,52,December,Dec,12,4,2019
20191225,25-12-2019,Wednesday,52,December,Dec,12,4,2019
20191226,26-12-2019,Thursday,52,December,Dec,12,4,2019
20191227,27-12-2019,Friday,52,December,Dec,12,4,2019
20191228,28-12-2019,Saturday,52,December,Dec,12,4,2019
20191229,29-12-2019,Sunday,53,December,Dec,12,4,2019
20191230,30-12-2019,Monday,53,December,Dec,12,4,2019
20191231,31-12-2019,Tuesday,53,December,Dec,12,4,2019
20190401,01-04-2019,Monday,14,April,Apr,4,2,2019
20190402,02-04-2019,Tuesday,14,April,Apr,4,2,2019
20190403,03-04-2019,Wednesday,14,April,Apr,4,2,2019
20190404,04-04-2019,Thursday,14,April,Apr,4,2,2019
20190405,05-04-2019,Friday,14,April,Apr,4,2,2019
20190406,06-04-2019,Saturday,14,April,Apr,4,2,2019
20190407,07-04-2019,Sunday,15,April,Apr,4,2,2019
20190408,08-04-2019,Monday,15,April,Apr,4,2,2019
20190409,09-04-2019,Tuesday,15,April,Apr,4,2,2019
20190410,10-04-2019,Wednesday,15,April,Apr,4,2,2019
20190411,11-04-2019,Thursday,15,April,Apr,4,2,2019
20190412,12-04-2019,Friday,15,April,Apr,4,2,2019
20190413,13-04-2019,Saturday,15,April,Apr,4,2,2019
20190414,14-04-2019,Sunday,16,April,Apr,4,2,2019
20190415,15-04-2019,Monday,16,April,Apr,4,2,2019
20190416,16-04-2019,Tuesday,16,April,Apr,4,2,2019
20190417,17-04-2019,Wednesday,16,April,Apr,4,2,2019
20190418,18-04-2019,Thursday,16,April,Apr,4,2,2019
20190419,19-04-2019,Friday,16,April,Apr,4,2,2019
20190420,20-04-2019,Saturday,16,April,Apr,4,2,2019
20190421,21-04-2019,Sunday,17,April,Apr,4,2,2019
20190422,22-04-2019,Monday,17,April,Apr,4,2,2019
20190423,23-04-2019,Tuesday,17,April,Apr,4,2,2019
20190424,24-04-2019,Wednesday,17,April,Apr,4,2,2019
20190425,25-04-2019,Thursday,17,April,Apr,4,2,2019
20190426,26-04-2019,Friday,17,April,Apr,4,2,2019
20190427,27-04-2019,Saturday,17,April,Apr,4,2,2019
20190428,28-04-2019,Sunday,18,April,Apr,4,2,2019
20190429,29-04-2019,Monday,18,April,Apr,4,2,2019
20190430,30-04-2019,Tuesday,18,April,Apr,4,2,2019
20190501,01-05-2019,Wednesday,18,May,May,5,2,2019
20190502,02-05-2019,Thursday,18,May,May,5,2,2019
20190503,03-05-2019,Friday,18,May,May,5,2,2019
20190504,04-05-2019,Saturday,18,May,May,5,2,2019
20190505,05-05-2019,Sunday,19,May,May,5,2,2019
20190506,06-05-2019,Monday,19,May,May,5,2,2019
20190507,07-05-2019,Tuesday,19,May,May,5,2,2019
20190508,08-05-2019,Wednesday,19,May,May,5,2,2019
20190509,09-05-2019,Thursday,19,May,May,5,2,2019
20190510,10-05-2019,Friday,19,May,May,5,2,2019
20190511,11-05-2019,Saturday,19,May,May,5,2,2019
20190512,12-05-2019,Sunday,20,May,May,5,2,2019
20190513,13-05-2019,Monday,20,May,May,5,2,2019
20190514,14-05-2019,Tuesday,20,May,May,5,2,2019
20190515,15-05-2019,Wednesday,20,May,May,5,2,2019
20190516,16-05-2019,Thursday,20,May,May,5,2,2019
20190517,17-05-2019,Friday,20,May,May,5,2,2019
20190518,18-05-2019,Saturday,20,May,May,5,2,2019
20190519,19-05-2019,Sunday,21,May,May,5,2,2019
20190520,20-05-2019,Monday,21,May,May,5,2,2019
20190521,21-05-2019,Tuesday,21,May,May,5,2,2019
20190522,22-05-2019,Wednesday,21,May,May,5,2,2019
20190523,23-05-2019,Thursday,21,May,May,5,2,2019
20190524,24-05-2019,Friday,21,May,May,5,2,2019
20190525,25-05-2019,Saturday,21,May,May,5,2,2019
20190526,26-05-2019,Sunday,22,May,May,5,2,2019
20190527,27-05-2019,Monday,22,May,May,5,2,2019
20190528,28-05-2019,Tuesday,22,May,May,5,2,2019
20190529,29-05-2019,Wednesday,22,May,May,5,2,2019
20190530,30-05-2019,Thursday,22,May,May,5,2,2019
20190531,31-05-2019,Friday,22,May,May,5,2,2019
20190601,01-06-2019,Saturday,22,June,Jun,6,2,2019
20190602,02-06-2019,Sunday,23,June,Jun,6,2,2019
20190603,03-06-2019,Monday,23,June,Jun,6,2,2019
20190604,04-06-2019,Tuesday,23,June,Jun,6,2,2019
20190605,05-06-2019,Wednesday,23,June,Jun,6,2,2019
20190606,06-06-2019,Thursday,23,June,Jun,6,2,2019
20190607,07-06-2019,Friday,23,June,Jun,6,2,2019
20190608,08-06-2019,Saturday,23,June,Jun,6,2,2019
20190609,09-06-2019,Sunday,24,June,Jun,6,2,2019
20190610,10-06-2019,Monday,24,June,Jun,6,2,2019
20190611,11-06-2019,Tuesday,24,June,Jun,6,2,2019
20190612,12-06-2019,Wednesday,24,June,Jun,6,2,2019
20190613,13-06-2019,Thursday,24,June,Jun,6,2,2019
20190614,14-06-2019,Friday,24,June,Jun,6,2,2019
20190615,15-06-2019,Saturday,24,June,Jun,6,2,2019
20190616,16-06-2019,Sunday,25,June,Jun,6,2,2019
20190617,17-06-2019,Monday,25,June,Jun,6,2,2019
20190618,18-06-2019,Tuesday,25,June,Jun,6,2,2019
20190619,19-06-2019,Wednesday,25,June,Jun,6,2,2019
20190620,20-06-2019,Thursday,25,June,Jun,6,2,2019
20190621,21-06-2019,Friday,25,June,Jun,6,2,2019
20190622,22-06-2019,Saturday,25,June,Jun,6,2,2019
20190623,23-06-2019,Sunday,26,June,Jun,6,2,2019
20190624,24-06-2019,Monday,26,June,Jun,6,2,2019
20190625,25-06-2019,Tuesday,26,June,Jun,6,2,2019
20190626,26-06-2019,Wednesday,26,June,Jun,6,2,2019
20190627,27-06-2019,Thursday,26,June,Jun,6,2,2019
20190628,28-06-2019,Friday,26,June,Jun,6,2,2019
20190629,29-06-2019,Saturday,26,June,Jun,6,2,2019
20190630,30-06-2019,Sunday,27,June,Jun,6,2,2019
20190701,01-07-2019,Monday,27,July,Jul,7,3,2019
20190702,02-07-2019,Tuesday,27,July,Jul,7,3,2019
20190703,03-07-2019,Wednesday,27,July,Jul,7,3,2019
20190704,04-07-2019,Thursday,27,July,Jul,7,3,2019
20190705,05-07-2019,Friday,27,July,Jul,7,3,2019
20190706,06-07-2019,Saturday,27,July,Jul,7,3,2019
20190707,07-07-2019,Sunday,28,July,Jul,7,3,2019
20190708,08-07-2019,Monday,28,July,Jul,7,3,2019
20190709,09-07-2019,Tuesday,28,July,Jul,7,3,2019
20190710,10-07-2019,Wednesday,28,July,Jul,7,3,2019
20190711,11-07-2019,Thursday,28,July,Jul,7,3,2019
20190712,12-07-2019,Friday,28,July,Jul,7,3,2019
20190713,13-07-2019,Saturday,28,July,Jul,7,3,2019
20190714,14-07-2019,Sunday,29,July,Jul,7,3,2019
20190715,15-07-2019,Monday,29,July,Jul,7,3,2019
20190716,16-07-2019,Tuesday,29,July,Jul,7,3,2019
20190717,17-07-2019,Wednesday,29,July,Jul,7,3,2019
20190718,18-07-2019,Thursday,29,July,Jul,7,3,2019
20190719,19-07-2019,Friday,29,July,Jul,7,3,2019
20190720,20-07-2019,Saturday,29,July,Jul,7,3,2019
20190721,21-07-2019,Sunday,30,July,Jul,7,3,2019
20190722,22-07-2019,Monday,30,July,Jul,7,3,2019
20190723,23-07-2019,Tuesday,30,July,Jul,7,3,2019
20190724,24-07-2019,Wednesday,30,July,Jul,7,3,2019
20190725,25-07-2019,Thursday,30,July,Jul,7,3,2019
20190726,26-07-2019,Friday,30,July,Jul,7,3,2019
20190727,27-07-2019,Saturday,30,July,Jul,7,3,2019
20190728,28-07-2019,Sunday,31,July,Jul,7,3,2019
20190729,29-07-2019,Monday,31,July,Jul,7,3,2019
20190730,30-07-2019,Tuesday,31,July,Jul,7,3,2019
20190731,31-07-2019,Wednesday,31,July,Jul,7,3,2019
20190801,01-08-2019,Thursday,31,August,Aug,8,3,2019
20190802,02-08-2019,Friday,31,August,Aug,8,3,2019
20190803,03-08-2019,Saturday,31,August,Aug,8,3,2019
20190804,04-08-2019,Sunday,32,August,Aug,8,3,2019
20190805,05-08-2019,Monday,32,August,Aug,8,3,2019
20190806,06-08-2019,Tuesday,32,August,Aug,8,3,2019
20190807,07-08-2019,Wednesday,32,August,Aug,8,3,2019
20190808,08-08-2019,Thursday,32,August,Aug,8,3,2019
20190809,09-08-2019,Friday,32,August,Aug,8,3,2019
20190810,10-08-2019,Saturday,32,August,Aug,8,3,2019
20190811,11-08-2019,Sunday,33,August,Aug,8,3,2019
20190812,12-08-2019,Monday,33,August,Aug,8,3,2019
20190813,13-08-2019,Tuesday,33,August,Aug,8,3,2019
20190814,14-08-2019,Wednesday,33,August,Aug,8,3,2019
20190815,15-08-2019,Thursday,33,August,Aug,8,3,2019
20190816,16-08-2019,Friday,33,August,Aug,8,3,2019
20190817,17-08-2019,Saturday,33,August,Aug,8,3,2019
20190818,18-08-2019,Sunday,34,August,Aug,8,3,2019
20190819,19-08-2019,Monday,34,August,Aug,8,3,2019
20190820,20-08-2019,Tuesday,34,August,Aug,8,3,2019
20190821,21-08-2019,Wednesday,34,August,Aug,8,3,2019
20190822,22-08-2019,Thursday,34,August,Aug,8,3,2019
20190823,23-08-2019,Friday,34,August,Aug,8,3,2019
20190824,24-08-2019,Saturday,34,August,Aug,8,3,2019
20190825,25-08-2019,Sunday,35,August,Aug,8,3,2019
20190826,26-08-2019,Monday,35,August,Aug,8,3,2019
20190827,27-08-2019,Tuesday,35,August,Aug,8,3,2019
20190828,28-08-2019,Wednesday,35,August,Aug,8,3,2019
20190829,29-08-2019,Thursday,35,August,Aug,8,3,2019
20190830,30-08-2019,Friday,35,August,Aug,8,3,2019
20190831,31-08-2019,Saturday,35,August,Aug,8,3,2019
20190901,01-09-2019,Sunday,36,September,Sep,9,3,2019
20190902,02-09-2019,Monday,36,September,Sep,9,3,2019
20190903,03-09-2019,Tuesday,36,September,Sep,9,3,2019
20190904,04-09-2019,Wednesday,36,September,Sep,9,3,2019
20190905,05-09-2019,Thursday,36,September,Sep,9,3,2019
20190906,06-09-2019,Friday,36,September,Sep,9,3,2019
20190907,07-09-2019,Saturday,36,September,Sep,9,3,2019
20190908,08-09-2019,Sunday,37,September,Sep,9,3,2019
20190909,09-09-2019,Monday,37,September,Sep,9,3,2019
20190910,10-09-2019,Tuesday,37,September,Sep,9,3,2019
20190911,11-09-2019,Wednesday,37,September,Sep,9,3,2019
20190912,12-09-2019,Thursday,37,September,Sep,9,3,2019
20190913,13-09-2019,Friday,37,September,Sep,9,3,2019
20190914,14-09-2019,Saturday,37,September,Sep,9,3,2019
20190915,15-09-2019,Sunday,38,September,Sep,9,3,2019
20190916,16-09-2019,Monday,38,September,Sep,9,3,2019
20190917,17-09-2019,Tuesday,38,September,Sep,9,3,2019
20190918,18-09-2019,Wednesday,38,September,Sep,9,3,2019
20190919,19-09-2019,Thursday,38,September,Sep,9,3,2019
20190920,20-09-2019,Friday,38,September,Sep,9,3,2019
20190921,21-09-2019,Saturday,38,September,Sep,9,3,2019
20190922,22-09-2019,Sunday,39,September,Sep,9,3,2019
20190923,23-09-2019,Monday,39,September,Sep,9,3,2019
20190924,24-09-2019,Tuesday,39,September,Sep,9,3,2019
20190925,25-09-2019,Wednesday,39,September,Sep,9,3,2019
20190926,26-09-2019,Thursday,39,September,Sep,9,3,2019
20190927,27-09-2019,Friday,39,September,Sep,9,3,2019
20190928,28-09-2019,Saturday,39,September,Sep,9,3,2019
20190929,29-09-2019,Sunday,40,September,Sep,9,3,2019
20190930,30-09-2019,Monday,40,September,Sep,9,3,2019
20210701,01-07-2021,Thursday,27,July,Jul,7,3,2021
20210702,02-07-2021,Friday,27,July,Jul,7,3,2021
20210703,03-07-2021,Saturday,27,July,Jul,7,3,2021
20210704,04-07-2021,Sunday,28,July,Jul,7,3,2021
20210705,05-07-2021,Monday,28,July,Jul,7,3,2021
20210706,06-07-2021,Tuesday,28,July,Jul,7,3,2021
20210707,07-07-2021,Wednesday,28,July,Jul,7,3,2021
20210708,08-07-2021,Thursday,28,July,Jul,7,3,2021
20210709,09-07-2021,Friday,28,July,Jul,7,3,2021
20210710,10-07-2021,Saturday,28,July,Jul,7,3,2021
20210711,11-07-2021,Sunday,29,July,Jul,7,3,2021
20210712,12-07-2021,Monday,29,July,Jul,7,3,2021
20210713,13-07-2021,Tuesday,29,July,Jul,7,3,2021
20210714,14-07-2021,Wednesday,29,July,Jul,7,3,2021
20210715,15-07-2021,Thursday,29,July,Jul,7,3,2021
20210716,16-07-2021,Friday,29,July,Jul,7,3,2021
20210717,17-07-2021,Saturday,29,July,Jul,7,3,2021
20210718,18-07-2021,Sunday,30,July,Jul,7,3,2021
20210719,19-07-2021,Monday,30,July,Jul,7,3,2021
20210720,20-07-2021,Tuesday,30,July,Jul,7,3,2021
20210721,21-07-2021,Wednesday,30,July,Jul,7,3,2021
20210722,22-07-2021,Thursday,30,July,Jul,7,3,2021
20210723,23-07-2021,Friday,30,July,Jul,7,3,2021
20210724,24-07-2021,Saturday,30,July,Jul,7,3,2021
20210725,25-07-2021,Sunday,31,July,Jul,7,3,2021
20210726,26-07-2021,Monday,31,July,Jul,7,3,2021
20210727,27-07-2021,Tuesday,31,July,Jul,7,3,2021
20210728,28-07-2021,Wednesday,31,July,Jul,7,3,2021
20210729,29-07-2021,Thursday,31,July,Jul,7,3,2021
20210730,30-07-2021,Friday,31,July,Jul,7,3,2021
20210731,31-07-2021,Saturday,31,July,Jul,7,3,2021
20210801,01-08-2021,Sunday,32,August,Aug,8,3,2021
20210802,02-08-2021,Monday,32,August,Aug,8,3,2021
20210803,03-08-2021,Tuesday,32,August,Aug,8,3,2021
20210804,04-08-2021,Wednesday,32,August,Aug,8,3,2021
20210805,05-08-2021,Thursday,32,August,Aug,8,3,2021
20210806,06-08-2021,Friday,32,August,Aug,8,3,2021
20210807,07-08-2021,Saturday,32,August,Aug,8,3,2021
20210808,08-08-2021,Sunday,33,August,Aug,8,3,2021
20210809,09-08-2021,Monday,33,August,Aug,8,3,2021
20210810,10-08-2021,Tuesday,33,August,Aug,8,3,2021
20210811,11-08-2021,Wednesday,33,August,Aug,8,3,2021
20210812,12-08-2021,Thursday,33,August,Aug,8,3,2021
20210813,13-08-2021,Friday,33,August,Aug,8,3,2021
20210814,14-08-2021,Saturday,33,August,Aug,8,3,2021
20210815,15-08-2021,Sunday,34,August,Aug,8,3,2021
20210816,16-08-2021,Monday,34,August,Aug,8,3,2021
20210817,17-08-2021,Tuesday,34,August,Aug,8,3,2021
20210818,18-08-2021,Wednesday,34,August,Aug,8,3,2021
20210819,19-08-2021,Thursday,34,August,Aug,8,3,2021
20210820,20-08-2021,Friday,34,August,Aug,8,3,2021
20210821,21-08-2021,Saturday,34,August,Aug,8,3,2021
20210822,22-08-2021,Sunday,35,August,Aug,8,3,2021
20210823,23-08-2021,Monday,35,August,Aug,8,3,2021
20210824,24-08-2021,Tuesday,35,August,Aug,8,3,2021
20210825,25-08-2021,Wednesday,35,August,Aug,8,3,2021
20210826,26-08-2021,Thursday,35,August,Aug,8,3,2021
20210827,27-08-2021,Friday,35,August,Aug,8,3,2021
20210828,28-08-2021,Saturday,35,August,Aug,8,3,2021
20210829,29-08-2021,Sunday,36,August,Aug,8,3,2021
20210830,30-08-2021,Monday,36,August,Aug,8,3,2021
20210831,31-08-2021,Tuesday,36,August,Aug,8,3,2021
20210901,01-09-2021,Wednesday,36,September,Sep,9,3,2021
20210902,02-09-2021,Thursday,36,September,Sep,9,3,2021
20210903,03-09-2021,Friday,36,September,Sep,9,3,2021
20210904,04-09-2021,Saturday,36,September,Sep,9,3,2021
20210905,05-09-2021,Sunday,37,September,Sep,9,3,2021
20210906,06-09-2021,Monday,37,September,Sep,9,3,2021
20210907,07-09-2021,Tuesday,37,September,Sep,9,3,2021
20210908,08-09-2021,Wednesday,37,September,Sep,9,3,2021
20210909,09-09-2021,Thursday,37,September,Sep,9,3,2021
20210910,10-09-2021,Friday,37,September,Sep,9,3,2021
20210911,11-09-2021,Saturday,37,September,Sep,9,3,2021
20210912,12-09-2021,Sunday,38,September,Sep,9,3,2021
20210913,13-09-2021,Monday,38,September,Sep,9,3,2021
20210914,14-09-2021,Tuesday,38,September,Sep,9,3,2021
20210915,15-09-2021,Wednesday,38,September,Sep,9,3,2021
20210916,16-09-2021,Thursday,38,September,Sep,9,3,2021
20210917,17-09-2021,Friday,38,September,Sep,9,3,2021
20210918,18-09-2021,Saturday,38,September,Sep,9,3,2021
20210919,19-09-2021,Sunday,39,September,Sep,9,3,2021
20210920,20-09-2021,Monday,39,September,Sep,9,3,2021
20210921,21-09-2021,Tuesday,39,September,Sep,9,3,2021
20210922,22-09-2021,Wednesday,39,September,Sep,9,3,2021
20210923,23-09-2021,Thursday,39,September,Sep,9,3,2021
20210924,24-09-2021,Friday,39,September,Sep,9,3,2021
20210925,25-09-2021,Saturday,39,September,Sep,9,3,2021
20210926,26-09-2021,Sunday,40,September,Sep,9,3,2021
20210927,27-09-2021,Monday,40,September,Sep,9,3,2021
20210928,28-09-2021,Tuesday,40,September,Sep,9,3,2021
20210929,29-09-2021,Wednesday,40,September,Sep,9,3,2021
20210930,30-09-2021,Thursday,40,September,Sep,9,3,2021
20210401,01-04-2021,Thursday,14,April,Apr,4,2,2021
20210402,02-04-2021,Friday,14,April,Apr,4,2,2021
20210403,03-04-2021,Saturday,14,April,Apr,4,2,2021
20210404,04-04-2021,Sunday,15,April,Apr,4,2,2021
20210405,05-04-2021,Monday,15,April,Apr,4,2,2021
20210406,06-04-2021,Tuesday,15,April,Apr,4,2,2021
20210407,07-04-2021,Wednesday,15,April,Apr,4,2,2021
20210408,08-04-2021,Thursday,15,April,Apr,4,2,2021
20210409,09-04-2021,Friday,15,April,Apr,4,2,2021
20210410,10-04-2021,Saturday,15,April,Apr,4,2,2021
20210411,11-04-2021,Sunday,16,April,Apr,4,2,2021
20210412,12-04-2021,Monday,16,April,Apr,4,2,2021
20210413,13-04-2021,Tuesday,16,April,Apr,4,2,2021
20210414,14-04-2021,Wednesday,16,April,Apr,4,2,2021
20210415,15-04-2021,Thursday,16,April,Apr,4,2,2021
20210416,16-04-2021,Friday,16,April,Apr,4,2,2021
20210417,17-04-2021,Saturday,16,April,Apr,4,2,2021
20210418,18-04-2021,Sunday,17,April,Apr,4,2,2021
20210419,19-04-2021,Monday,17,April,Apr,4,2,2021
20210420,20-04-2021,Tuesday,17,April,Apr,4,2,2021
20210421,21-04-2021,Wednesday,17,April,Apr,4,2,2021
20210422,22-04-2021,Thursday,17,April,Apr,4,2,2021
20210423,23-04-2021,Friday,17,April,Apr,4,2,2021
20210424,24-04-2021,Saturday,17,April,Apr,4,2,2021
20210425,25-04-2021,Sunday,18,April,Apr,4,2,2021
20210426,26-04-2021,Monday,18,April,Apr,4,2,2021
20210427,27-04-2021,Tuesday,18,April,Apr,4,2,2021
20210428,28-04-2021,Wednesday,18,April,Apr,4,2,2021
20210429,29-04-2021,Thursday,18,April,Apr,4,2,2021
20210430,30-04-2021,Friday,18,April,Apr,4,2,2021
20210501,01-05-2021,Saturday,18,May,May,5,2,2021
20210502,02-05-2021,Sunday,19,May,May,5,2,2021
20210503,03-05-2021,Monday,19,May,May,5,2,2021
20210504,04-05-2021,Tuesday,19,May,May,5,2,2021
20210505,05-05-2021,Wednesday,19,May,May,5,2,2021
20210506,06-05-2021,Thursday,19,May,May,5,2,2021
20210507,07-05-2021,Friday,19,May,May,5,2,2021
20210508,08-05-2021,Saturday,19,May,May,5,2,2021
20210509,09-05-2021,Sunday,20,May,May,5,2,2021
20210510,10-05-2021,Monday,20,May,May,5,2,2021
20210511,11-05-2021,Tuesday,20,May,May,5,2,2021
20210512,12-05-2021,Wednesday,20,May,May,5,2,2021
20210513,13-05-2021,Thursday,20,May,May,5,2,2021
20210514,14-05-2021,Friday,20,May,May,5,2,2021
20210515,15-05-2021,Saturday,20,May,May,5,2,2021
20210516,16-05-2021,Sunday,21,May,May,5,2,2021
20210517,17-05-2021,Monday,21,May,May,5,2,2021
20210518,18-05-2021,Tuesday,21,May,May,5,2,2021
20210519,19-05-2021,Wednesday,21,May,May,5,2,2021
20210520,20-05-2021,Thursday,21,May,May,5,2,2021
20210521,21-05-2021,Friday,21,May,May,5,2,2021
20210522,22-05-2021,Saturday,21,May,May,5,2,2021
20210523,23-05-2021,Sunday,22,May,May,5,2,2021
20210524,24-05-2021,Monday,22,May,May,5,2,2021
20210525,25-05-2021,Tuesday,22,May,May,5,2,2021
20210526,26-05-2021,Wednesday,22,May,May,5,2,2021
20210527,27-05-2021,Thursday,22,May,May,5,2,2021
20210528,28-05-2021,Friday,22,May,May,5,2,2021
20210529,29-05-2021,Saturday,22,May,May,5,2,2021
20210530,30-05-2021,Sunday,23,May,May,5,2,2021
20210531,31-05-2021,Monday,23,May,May,5,2,2021
20210601,01-06-2021,Tuesday,23,June,Jun,6,2,2021
20210602,02-06-2021,Wednesday,23,June,Jun,6,2,2021
20210603,03-06-2021,Thursday,23,June,Jun,6,2,2021
20210604,04-06-2021,Friday,23,June,Jun,6,2,2021
20210605,05-06-2021,Saturday,23,June,Jun,6,2,2021
20210606,06-06-2021,Sunday,24,June,Jun,6,2,2021
20210607,07-06-2021,Monday,24,June,Jun,6,2,2021
20210608,08-06-2021,Tuesday,24,June,Jun,6,2,2021
20210609,09-06-2021,Wednesday,24,June,Jun,6,2,2021
20210610,10-06-2021,Thursday,24,June,Jun,6,2,2021
20210611,11-06-2021,Friday,24,June,Jun,6,2,2021
20210612,12-06-2021,Saturday,24,June,Jun,6,2,2021
20210613,13-06-2021,Sunday,25,June,Jun,6,2,2021
20210614,14-06-2021,Monday,25,June,Jun,6,2,2021
20210615,15-06-2021,Tuesday,25,June,Jun,6,2,2021
20210616,16-06-2021,Wednesday,25,June,Jun,6,2,2021
20210617,17-06-2021,Thursday,25,June,Jun,6,2,2021
20210618,18-06-2021,Friday,25,June,Jun,6,2,2021
20210619,19-06-2021,Saturday,25,June,Jun,6,2,2021
20210620,20-06-2021,Sunday,26,June,Jun,6,2,2021
20210621,21-06-2021,Monday,26,June,Jun,6,2,2021
20210622,22-06-2021,Tuesday,26,June,Jun,6,2,2021
20210623,23-06-2021,Wednesday,26,June,Jun,6,2,2021
20210624,24-06-2021,Thursday,26,June,Jun,6,2,2021
20210625,25-06-2021,Friday,26,June,Jun,6,2,2021
20210626,26-06-2021,Saturday,26,June,Jun,6,2,2021
20210627,27-06-2021,Sunday,27,June,Jun,6,2,2021
20210628,28-06-2021,Monday,27,June,Jun,6,2,2021
20210629,29-06-2021,Tuesday,27,June,Jun,6,2,2021
20210630,30-06-2021,Wednesday,27,June,Jun,6,2,2021
20211001,01-10-2021,Friday,40,October,Oct,10,4,2021
20211002,02-10-2021,Saturday,40,October,Oct,10,4,2021
20211003,03-10-2021,Sunday,41,October,Oct,10,4,2021
20211004,04-10-2021,Monday,41,October,Oct,10,4,2021
20211005,05-10-2021,Tuesday,41,October,Oct,10,4,2021
20211006,06-10-2021,Wednesday,41,October,Oct,10,4,2021
20211007,07-10-2021,Thursday,41,October,Oct,10,4,2021
20211008,08-10-2021,Friday,41,October,Oct,10,4,2021
20211009,09-10-2021,Saturday,41,October,Oct,10,4,2021
20211010,10-10-2021,Sunday,42,October,Oct,10,4,2021
20211011,11-10-2021,Monday,42,October,Oct,10,4,2021
20211012,12-10-2021,Tuesday,42,October,Oct,10,4,2021
20211013,13-10-2021,Wednesday,42,October,Oct,10,4,2021
20211014,14-10-2021,Thursday,42,October,Oct,10,4,2021
20211015,15-10-2021,Friday,42,October,Oct,10,4,2021
20211016,16-10-2021,Saturday,42,October,Oct,10,4,2021
20211017,17-10-2021,Sunday,43,October,Oct,10,4,2021
20211018,18-10-2021,Monday,43,October,Oct,10,4,2021
20211019,19-10-2021,Tuesday,43,October,Oct,10,4,2021
20211020,20-10-2021,Wednesday,43,October,Oct,10,4,2021
20211021,21-10-2021,Thursday,43,October,Oct,10,4,2021
20211022,22-10-2021,Friday,43,October,Oct,10,4,2021
20211023,23-10-2021,Saturday,43,October,Oct,10,4,2021
20211024,24-10-2021,Sunday,44,October,Oct,10,4,2021
20211025,25-10-2021,Monday,44,October,Oct,10,4,2021
20211026,26-10-2021,Tuesday,44,October,Oct,10,4,2021
20211027,27-10-2021,Wednesday,44,October,Oct,10,4,2021
20211028,28-10-2021,Thursday,44,October,Oct,10,4,2021
20211029,29-10-2021,Friday,44,October,Oct,10,4,2021
20211030,30-10-2021,Saturday,44,October,Oct,10,4,2021
20211031,31-10-2021,Sunday,45,October,Oct,10,4,2021
20211101,01-11-2021,Monday,45,November,Nov,11,4,2021
20211102,02-11-2021,Tuesday,45,November,Nov,11,4,2021
20211103,03-11-2021,Wednesday,45,November,Nov,11,4,2021
20211104,04-11-2021,Thursday,45,November,Nov,11,4,2021
20211105,05-11-2021,Friday,45,November,Nov,11,4,2021
20211106,06-11-2021,Saturday,45,November,Nov,11,4,2021
20211107,07-11-2021,Sunday,46,November,Nov,11,4,2021
20211108,08-11-2021,Monday,46,November,Nov,11,4,2021
20211109,09-11-2021,Tuesday,46,November,Nov,11,4,2021
20211110,10-11-2021,Wednesday,46,November,Nov,11,4,2021
20211111,11-11-2021,Thursday,46,November,Nov,11,4,2021
20211112,12-11-2021,Friday,46,November,Nov,11,4,2021
20211113,13-11-2021,Saturday,46,November,Nov,11,4,2021
20211114,14-11-2021,Sunday,47,November,Nov,11,4,2021
20211115,15-11-2021,Monday,47,November,Nov,11,4,2021
20211116,16-11-2021,Tuesday,47,November,Nov,11,4,2021
20211117,17-11-2021,Wednesday,47,November,Nov,11,4,2021
20211118,18-11-2021,Thursday,47,November,Nov,11,4,2021
20211119,19-11-2021,Friday,47,November,Nov,11,4,2021
20211120,20-11-2021,Saturday,47,November,Nov,11,4,2021
20211121,21-11-2021,Sunday,48,November,Nov,11,4,2021
20211122,22-11-2021,Monday,48,November,Nov,11,4,2021
20211123,23-11-2021,Tuesday,48,November,Nov,11,4,2021
20211124,24-11-2021,Wednesday,48,November,Nov,11,4,2021
20211125,25-11-2021,Thursday,48,November,Nov,11,4,2021
20211126,26-11-2021,Friday,48,November,Nov,11,4,2021
20211127,27-11-2021,Saturday,48,November,Nov,11,4,2021
20211128,28-11-2021,Sunday,49,November,Nov,11,4,2021
20211129,29-11-2021,Monday,49,November,Nov,11,4,2021
20211130,30-11-2021,Tuesday,49,November,Nov,11,4,2021
20211201,01-12-2021,Wednesday,49,December,Dec,12,4,2021
20211202,02-12-2021,Thursday,49,December,Dec,12,4,2021
20211203,03-12-2021,Friday,49,December,Dec,12,4,2021
20211204,04-12-2021,Saturday,49,December,Dec,12,4,2021
20211205,05-12-2021,Sunday,50,December,Dec,12,4,2021
20211206,06-12-2021,Monday,50,December,Dec,12,4,2021
20211207,07-12-2021,Tuesday,50,December,Dec,12,4,2021
20211208,08-12-2021,Wednesday,50,December,Dec,12,4,2021
20211209,09-12-2021,Thursday,50,December,Dec,12,4,2021
20211210,10-12-2021,Friday,50,December,Dec,12,4,2021
20211211,11-12-2021,Saturday,50,December,Dec,12,4,2021
20211212,12-12-2021,Sunday,51,December,Dec,12,4,2021
20211213,13-12-2021,Monday,51,December,Dec,12,4,2021
20211214,14-12-2021,Tuesday,51,December,Dec,12,4,2021
20211215,15-12-2021,Wednesday,51,December,Dec,12,4,2021
20211216,16-12-2021,Thursday,51,December,Dec,12,4,2021
20211217,17-12-2021,Friday,51,December,Dec,12,4,2021
20211218,18-12-2021,Saturday,51,December,Dec,12,4,2021
20211219,19-12-2021,Sunday,52,December,Dec,12,4,2021
20211220,20-12-2021,Monday,52,December,Dec,12,4,2021
20211221,21-12-2021,Tuesday,52,December,Dec,12,4,2021
20211222,22-12-2021,Wednesday,52,December,Dec,12,4,2021
20211223,23-12-2021,Thursday,52,December,Dec,12,4,2021
20211224,24-12-2021,Friday,52,December,Dec,12,4,2021
20211225,25-12-2021,Saturday,52,December,Dec,12,4,2021
20211226,26-12-2021,Sunday,53,December,Dec,12,4,2021
20211227,27-12-2021,Monday,53,December,Dec,12,4,2021
20211228,28-12-2021,Tuesday,53,December,Dec,12,4,2021
20211229,29-12-2021,Wednesday,53,December,Dec,12,4,2021
20211230,30-12-2021,Thursday,53,December,Dec,12,4,2021
20211231,31-12-2021,Friday,53,December,Dec,12,4,2021
20210101,01-01-2021,Friday,1,January,Jan,1,1,2021
20210102,02-01-2021,Saturday,1,January,Jan,1,1,2021
20210103,03-01-2021,Sunday,2,January,Jan,1,1,2021
20210104,04-01-2021,Monday,2,January,Jan,1,1,2021
20210105,05-01-2021,Tuesday,2,January,Jan,1,1,2021
20210106,06-01-2021,Wednesday,2,January,Jan,1,1,2021
20210107,07-01-2021,Thursday,2,January,Jan,1,1,2021
20210108,08-01-2021,Friday,2,January,Jan,1,1,2021
20210109,09-01-2021,Saturday,2,January,Jan,1,1,2021
20210110,10-01-2021,Sunday,3,January,Jan,1,1,2021
20210111,11-01-2021,Monday,3,January,Jan,1,1,2021
20210112,12-01-2021,Tuesday,3,January,Jan,1,1,2021
20210113,13-01-2021,Wednesday,3,January,Jan,1,1,2021
20210114,14-01-2021,Thursday,3,January,Jan,1,1,2021
20210115,15-01-2021,Friday,3,January,Jan,1,1,2021
20210116,16-01-2021,Saturday,3,January,Jan,1,1,2021
20210117,17-01-2021,Sunday,4,January,Jan,1,1,2021
20210118,18-01-2021,Monday,4,January,Jan,1,1,2021
20210119,19-01-2021,Tuesday,4,January,Jan,1,1,2021
20210120,20-01-2021,Wednesday,4,January,Jan,1,1,2021
20210121,21-01-2021,Thursday,4,January,Jan,1,1,2021
20210122,22-01-2021,Friday,4,January,Jan,1,1,2021
20210123,23-01-2021,Saturday,4,January,Jan,1,1,2021
20210124,24-01-2021,Sunday,5,January,Jan,1,1,2021
20210125,25-01-2021,Monday,5,January,Jan,1,1,2021
20210126,26-01-2021,Tuesday,5,January,Jan,1,1,2021
20210127,27-01-2021,Wednesday,5,January,Jan,1,1,2021
20210128,28-01-2021,Thursday,5,January,Jan,1,1,2021
20210129,29-01-2021,Friday,5,January,Jan,1,1,2021
20210130,30-01-2021,Saturday,5,January,Jan,1,1,2021
20210131,31-01-2021,Sunday,6,January,Jan,1,1,2021
20210201,01-02-2021,Monday,6,February,Feb,2,1,2021
20210202,02-02-2021,Tuesday,6,February,Feb,2,1,2021
20210203,03-02-2021,Wednesday,6,February,Feb,2,1,2021
20210204,04-02-2021,Thursday,6,February,Feb,2,1,2021
20210205,05-02-2021,Friday,6,February,Feb,2,1,2021
20210206,06-02-2021,Saturday,6,February,Feb,2,1,2021
20210207,07-02-2021,Sunday,7,February,Feb,2,1,2021
20210208,08-02-2021,Monday,7,February,Feb,2,1,2021
20210209,09-02-2021,Tuesday,7,February,Feb,2,1,2021
20210210,10-02-2021,Wednesday,7,February,Feb,2,1,2021
20210211,11-02-2021,Thursday,7,February,Feb,2,1,2021
20210212,12-02-2021,Friday,7,February,Feb,2,1,2021
20210213,13-02-2021,Saturday,7,February,Feb,2,1,2021
20210214,14-02-2021,Sunday,8,February,Feb,2,1,2021
20210215,15-02-2021,Monday,8,February,Feb,2,1,2021
20210216,16-02-2021,Tuesday,8,February,Feb,2,1,2021
20210217,17-02-2021,Wednesday,8,February,Feb,2,1,2021
20210218,18-02-2021,Thursday,8,February,Feb,2,1,2021
20210219,19-02-2021,Friday,8,February,Feb,2,1,2021
20210220,20-02-2021,Saturday,8,February,Feb,2,1,2021
20210221,21-02-2021,Sunday,9,February,Feb,2,1,2021
20210222,22-02-2021,Monday,9,February,Feb,2,1,2021
20210223,23-02-2021,Tuesday,9,February,Feb,2,1,2021
20210224,24-02-2021,Wednesday,9,February,Feb,2,1,2021
20210225,25-02-2021,Thursday,9,February,Feb,2,1,2021
20210226,26-02-2021,Friday,9,February,Feb,2,1,2021
20210227,27-02-2021,Saturday,9,February,Feb,2,1,2021
20210228,28-02-2021,Sunday,10,February,Feb,2,1,2021
20210301,01-03-2021,Monday,10,March,Mar,3,1,2021
20210302,02-03-2021,Tuesday,10,March,Mar,3,1,2021
20210303,03-03-2021,Wednesday,10,March,Mar,3,1,2021
20210304,04-03-2021,Thursday,10,March,Mar,3,1,2021
20210305,05-03-2021,Friday,10,March,Mar,3,1,2021
20210306,06-03-2021,Saturday,10,March,Mar,3,1,2021
20210307,07-03-2021,Sunday,11,March,Mar,3,1,2021
20210308,08-03-2021,Monday,11,March,Mar,3,1,2021
20210309,09-03-2021,Tuesday,11,March,Mar,3,1,2021
20210310,10-03-2021,Wednesday,11,March,Mar,3,1,2021
20210311,11-03-2021,Thursday,11,March,Mar,3,1,2021
20210312,12-03-2021,Friday,11,March,Mar,3,1,2021
20210313,13-03-2021,Saturday,11,March,Mar,3,1,2021
20210314,14-03-2021,Sunday,12,March,Mar,3,1,2021
20210315,15-03-2021,Monday,12,March,Mar,3,1,2021
20210316,16-03-2021,Tuesday,12,March,Mar,3,1,2021
20210317,17-03-2021,Wednesday,12,March,Mar,3,1,2021
20210318,18-03-2021,Thursday,12,March,Mar,3,1,2021
20210319,19-03-2021,Friday,12,March,Mar,3,1,2021
20210320,20-03-2021,Saturday,12,March,Mar,3,1,2021
20210321,21-03-2021,Sunday,13,March,Mar,3,1,2021
20210322,22-03-2021,Monday,13,March,Mar,3,1,2021
20210323,23-03-2021,Tuesday,13,March,Mar,3,1,2021
20210324,24-03-2021,Wednesday,13,March,Mar,3,1,2021
20210325,25-03-2021,Thursday,13,March,Mar,3,1,2021
20210326,26-03-2021,Friday,13,March,Mar,3,1,2021
20210327,27-03-2021,Saturday,13,March,Mar,3,1,2021
20210328,28-03-2021,Sunday,14,March,Mar,3,1,2021
20210329,29-03-2021,Monday,14,March,Mar,3,1,2021
20210330,30-03-2021,Tuesday,14,March,Mar,3,1,2021
20210331,31-03-2021,Wednesday,14,March,Mar,3,1,2021
